run_id,horizon,entry_minute,model,calibrate,lookback_days,test_days,min_conf,auc,acc,brier,predictions,trades_taken,take_rate,total_return_sim
20260301T140248Z_h5_e3_logreg_cal,5,3,logreg,True,60,14,0.0,0.9229615236500163,0.8481499875838093,0.11601494660190154,8054,8054,1.0,1.5175650010012528e+24
20260301T140248Z_h5_e3_rf_noc,5,3,rf,False,60,14,0.0,0.9106635583262445,0.8483983113980631,0.1161200613053423,8054,8054,1.0,1.5795001097044963e+24
20260301T140248Z_h15_e13_logreg_cal,15,13,logreg,True,60,14,0.0,0.97312864088301,0.9180938198064036,0.06545320584930824,2686,2686,1.0,4968789052.411895
20260301T152544Z_h15_e13_logreg_cal_mc0p0,15,13,logreg,True,60,14,0.0,0.97312864088301,0.9180938198064036,0.06545320584930824,2686,2686,1.0,4968789052.411895
20260301T152544Z_h15_e13_logreg_cal_mc0p05,15,13,logreg,True,60,14,0.05,0.97312864088301,0.9180938198064036,0.06545320584930824,2686,2675,0.9959046909903202,4729050865.670639
20260301T140248Z_h15_e13_rf_noc,15,13,rf,False,60,14,0.0,0.9574434937174584,0.9203276247207743,0.07204517081770156,2686,2686,1.0,5602316423.449491
